{
  "strings": [{
    "text": "S̙̪͇͎̠̘̗̖͎̙͍͓̥̃͑ͯ̅̄͐̒̈́ͣ̀̒̚o̮̲̝̣̩̟̖̩̙̱̠͚͈͙̭͖͂ͩ̓̈͐̈͛ͫͥ̐͒ͧͪ̂̿̈̚ͅm̺̪̪̦̥̑̈ͭ͑̅̄̄ḙ̰̥͕̝̥̠͇̳͙͓͎͕̰ͤ̾̅̒̑͒ͯͬ̌ͨͤͬ̊ͬ͛͋̍̍ͭō̝͚̩̙̣̹̬̳̱͕̼̟̩̥̓͂͊͒̊̇ͮ͋ͤ̇n̥̤̜̏̈̇̂̂͋̈́ͦ͐ͦͫe͙̤̙͖͔͎͕̳̦̪̮̪̺̫͈͔͒̔ͯ͂ͪ̇ͨ ̜̝̹͇̯̩̰̤̰͖͚̲̻̣̖̲͔̐͂́̋ͤ͐c̻̗̗̙̯͖ͪͯ̎̉ͯͧ̉͒͛ͪ̆́̅̓̽ͪ͐ͅă͇̻̺̜̖̱͕̻̤̰̼̦̥̞̈̀̎̈̀ͨͫ͛̂ͤ͛̍̄l͓̹̥̼̹ͫ̿̂͛̉̎ͫͭ̄̄̂͛͛ͮ̈̂l̙͕̦̠͍̯̄͋̈́̓ͥ̋ͯ̏͊͊ͭ̿̉ͬ̄ͨ̊ ̠͍͉͙͈̯̤̰͓̘͈̞̫̯͌̀ͯ̋͑ͨ̌͂̒̋ͧͨD̻̻͕͕̫̪͙̉̂͛ͯ̍̌͑̽ͣ̔̽̔͗͂ͅa̦̣̺̗̦̰̝͎̯̫͒̃͗ͬ̽̓ͣ̌̏ͫ͒̋ͯͭ̌ͤ̔ͧ̀ͅv͚͈̳̱̻̦͉̮̬̲͓̬͍̹̭̰̱͐ͣͣ͗ͤͩ̎i̤̳̖̖̙̩̳̝̹̖̼͗̇ͦ̋́̚d̳̙̭̹̠̝̜̥͎̗̖̫̺͇͎͖͙̺͚̊ͧ͒͊ͭ̍ͪ̔̒͑ͪͬ͒ͥ̚!̼͓̠̝̪̞̱̼̗̗̅ͭ̔̏ͩ̔ͣͯ̂ͯͪ̇̋͆ͮ́"
    },
  {
    "text": "Ǒ̭͉̗̥͈̥̼͔͈̗͕̗̗̭̐͛̎̇̌̍̽́ͧ̐ͮͩ̈́h̬̯͔͇̫̦͎͙̦̦̻̺̬͎̻̱͆ͬ̉͆͗̿ͤ͐̉͐̈̒͌̆́̐͐ ̪͕̬̠͔͍̞͙̞̹̹͓̟͚̍ͫ͗͒̊̇̒ͬͤ̇̀̄͛̾̒N̘̠̮̝̂ͣ̒́̋̂̋̊̓͆̂̋̔̇͗̀̆õ̳̻͕̝͙̟͔̖̟͉͕̣̮̦͈̉̔̀!ͨ̓ͩ͐ͣ͂͛͑́̔ͪͫ"
    },
  {
    "text": "Ṷ̰͇̲̘̺͓̳̗̦̟̱̩̝̃̐ͯ͆̀̈̐ͯ͑̎̽̒͒ͯ̀̎n̫͇͈͔̩̤͚̖̖͔̦̾ͮ̐l͔̙̭̝͖̪ͩ̽͌͐͋̒̊͐͐ͮ͒̉̀̿̚u̖̳̭̠͉̰̫̖̠̰̪͚̹̣͂̂ͯ̇̅̐̃̅ͭ̂̔͗ͅͅc̠͔̠͎̏͊̀͒̌ͅk̪̟͖̳̲͐̌͗͒͂̽ͣ͑̄̄y̜̣̘̤ͥ̓̒̎͛ͪͪ̈́́ͨͦͫ̃̋̇͂!̼̫̭̫̭̙͇̯̞̠͖̺̖̪̙̮̩̼̑͊͛̄ͩ̅̾̾̽̀̃ͦͨ"
    },
  {
    "text": "H͓̦̪̭̙͉̣͉̮͇̱̮̲̖̞̳ͥ̉̓͐̅ͤ̑̄̑ͨ̑̽ͧ͌̄̏ͅe̝͙̣͚͚͉̖̤̙̗͓̣͙̰͋̓̇̊̋̄̅ͪ͐ͫ̐̄ͮͩ̚̚r̯̗̥͍͍̞̰͚̗̗̫̮̉̑̇͂̋̈ͧͅẻ̼̮̰̉̿ͨͮ͐ ̲̖̼̮͈̲͎͍̽̄ͯͬ́͊͌́̒̽͒͗͗̑c͕̥͕̠͓̽͗̅̿͗ͩ̓̓ͤͦ̚o̳͔̗͇̟͚͖̘̭̞̝̰̝͖̗͗͌̀ͥm̭̖̮͔̳͕̼̠̞̲̝͖̤͙̰̮̬̘̫̄̉ͦ͗̀ͭ͂̈́͛̃e̼̬̹͈͚̫̹̻̼̤̩ͤͤ̆ͩ͐ͯͯ̃̃̈ͅs̼̱̦̝͉̱̜͕̭̊͌̓̃ͧͬͨ̽̅̂̚ͅ ̺̹̦̹̺̠͌ͫ̅̄̓̏̉ͫ̚T̻̤͉̪̙̤ͦ͆͐̂́ͫ͗ͤͧ͒͑̃h̪̦̥͇̝̫̦͒̔̋̃͑̇ͨͩ̐̿̉ͦ̚e̠̙͎̟̳̪̰̝͓̹̟̱̙͔͈̒͐͂͆͆͆ ͉̮̙̜͂̿̿̄̇͋̏̃̒͗̇ͤ̇̍͐̄̚H͚͚̞̫̼͆̐̇ͦ̾͌̚ͅã̭͇̼͈͖̣̼̬̂̃ͣ͐̔̔̽͒͐͌̍̆͑ͮm̳͙͙̳̫̩͇͔̖̩̜̙̳͔͖͚̂͗̈̾ͨ̈̾ͤ̆̏̆̓̚ͅm͔̜̠̺̠̳̥̮̿͒ͩ͑ͤ͐ͅe͍͕͚͎̙͓̱͊̍ͮͅr̮̣̞̰͖̞͓̣̤͉̭͙̥͎͙̥͗ͬ̀̃ͩ̔ͯͤͣ̏̈ͬ͛͌̏͊̆ͅ"
    },
  {
    "text": "T̞͈̖̤͙͇͉͎̺͚͉̯̳̏̎̈́͐̈ͣͧr̯͈̤̙̜̜̫̫̝̹̼͉̙͚̤̼̽̂̏̀͛̏̅͒̂ͪ͋̄̓̉͒i̱̣̰̤̹̺̘̙̠̮̟̱̥̣̹̠̼̝̔̋͗̋͆̑̐̌͛̒͛͗̾͛͆͆ġ͉̟̙̫͎͕͓̬͙̗̭̖̻ͤͯ͂̌͑ͬ̐̋͆̄̉̾͂̓ĝ̹͎͈̹̻̘̜̙̣̣̖̹͕̀͒͗̾ͮ̓̎ͮ̑e̙̘͉͕͈͎̭ͫ̒̈̽̓̑̃̈ͯͮ̓̀̈ͅr̬̳̫̻̮̝̖̖̣̜̳͕͉͔͙̮̞ͫͭͬͪ̈ͧͥ̿̐ͭͮ͒͋̌ͪͅé͖̖̼͔̝̥͙̝͍͑ͯͪ̑̿̈́ͅd͓͇̞͚̟̱̮͔̺̜̯ͦ͐̊͐͌̀̆̂͐̆ͤ̋͛͗̐̋ͣ͛̚"
    },
  {
    "text": "O̦͉̗͉̒ͫͯ̍͊̒ͩ̅͐̓h̩̫̰͔̼̭͓̼͎̦͍̞̤̜̃̊͛̈̿́̆̃̃̇̽̅ͮ͆̀͌ͧͤ ̗͎̣̺͚͖̤̦͎̦͍̯̖̣͎̖͚̜̥̑̆̽ͦ͊͗͊̔͛̂͗̆̀ͬ͆̈S̤͖̝̱̗͖̯̄̓͗̒̈̑̄ͭͩͯͭ̂̇n̻̝͚͉͔̞̙̒͐̽̃͗ͯ̅ͪ͑̂̌͂͆̿a͔̤͇̠͈͉̝̠̬̻̮̲̲͎̔͌̍̿̈́͛̇̋͂ͮ̅͋̿ͅp̜̝͔̹̦ͧ́̑̊̍̽ͭ̑̈́"
    },
  {
    "text": "Ḃ̗͇̻̝̗̱͋r͇̦̯̱̈ͫͦͤ͋u̩̤͉̻͎̩ͅh̝͎ͨͮ.͚̊̃̽ͣ̋ͭ̌"
    },
  {
    "text": "A͂̊n̗͉͉ͣd͎̦̠̎͛ͦ̽ ̤̪͓̬̯͎̞̓ͬͮ͌ͬ̿̑w̜͈͎͉̬̱̏i̼̼͈̰̠͚̗ͤ̈́͆̓̚n̯̝̼̳͛̎̆̂̏ͅͅn̜̰͕̬̭̮̈́ͥͨ̍ͣ̈̒e̟ͭͬ̔̓̈́͑ͤr̻̈́͋ͩͥ͐̑ ͙̜͎̰̺̱̉͛̏f̬̖̬̮̱ò͙̻̝̞̺̙̞̀̄r̗̩̺̬̥̍̓ ͕̣͂̆̒ͨ͋̏o͔͕̪͇͚̿͆̆̏̄͆́ȯ̥̗͖̳̣̙̹̀̾̋ṗ̘͗s͖̭̖̆ ̰́̈́̈́͒̿̔g̪̞̫̜͐͛ͅo̘̦͙̰̻̬̮͆̈ͫe̞̠̩̙̩̤s̟̉ ̱̋̓͂tő͙̫̦͙̯;̄͆͊͗ͨ"
    }]
}
